<?xml version="1.0" encoding="UTF-8" standalone="yes"?>
<addon id="plugin.video.OTV_MEDIA" name="OTV_MEDIA" version="5.0.1" provider-name="Orhan t">
        <requires>

        <trycatch>
            <try>
                <import addon="xbmc.python" version="3.0.0"/>
            </try>

            <catch>
                <import addon="xbmc.python" version="2.24.0"/>
            </catch>
        </trycatch>
        <import addon="script.module.simplejson" version="2.0.10"/>
        <import addon="script.module.urlresolver" optional="true"/>
        <import addon="script.module.pyamf" />
        <import addon="script.module.routing"/> 
        <import addon="OTV_MEDIA.repo" version="1.0.2"/>
        <import addon="script.module.requests"/>
  </requires>
  <extension point="xbmc.python.pluginsource" library="default.py">
    <provides>video</provides>
   </extension>
  
  <extension point="xbmc.addon.metadata">
    
    <summary lang="en">OTV_MEDIA</summary>    <description lang="en">
    [COLOR yellow]Bagis,Spenden,Donation[/COLOR]
[COLOR yellow]https://www.paypal.me/orhantv [/COLOR]
[COLOR red]Movies[/COLOR],
[COLOR yellow]TV-Shovs[/COLOR],
[COLOR turquoise]Documentaries[/COLOR],
[COLOR limegreen]Toons[/COLOR],
[COLOR red]Live TV[/COLOR],
+18 adult pin on this site->
http://www.ozbeceriksizler.com/forumdisplay.php?66-IPTV-Online-TV</description>
    <platform>all</platform>
	<assets>
            <icon>icon.png</icon>
            <fanart>fanart.jpg</fanart>
        </assets>
  </extension>
</addon>